{
  "model": "all-MiniLM-L6-v2",
  "dim": 384,
  "datasets": {
    "homedepot": {
      "standard": {
        "Flat": {
          "R@1": 0.07412513875013875,
          "R@5": 0.2109740786990787,
          "R@10": 0.29817347929847926,
          "R@20": 0.3907465673215673,
          "R@50": 0.5308092962592963,
          "R@100": 0.6252407647907648,
          "zero_R10_rate": 0.372,
          "n": 1000
        },
        "IVF": {
          "R@1": 0.07359180541680542,
          "R@5": 0.20887963425463424,
          "R@10": 0.2954749944499944,
          "R@20": 0.3876385586635586,
          "R@50": 0.5263314102564102,
          "R@100": 0.6187108585858586,
          "zero_R10_rate": 0.377,
          "n": 1000
        },
        "HNSW": {
          "R@1": 0.07333347208347209,
          "R@5": 0.20978796758796756,
          "R@10": 0.29535158175158177,
          "R@20": 0.3846020868020868,
          "R@50": 0.5227108474858476,
          "R@100": 0.615274025974026,
          "zero_R10_rate": 0.381,
          "n": 1000
        }
      },
      "rare": {
        "Flat": {
          "R@1": 0.19913333333333333,
          "R@5": 0.3602666666666666,
          "R@10": 0.42828333333333335,
          "R@20": 0.49626666666666663,
          "R@50": 0.6029833333333333,
          "R@100": 0.6825166666666667,
          "zero_R10_rate": 0.534,
          "n": 1000
        },
        "IVF": {
          "R@1": 0.19163333333333332,
          "R@5": 0.34876666666666667,
          "R@10": 0.40645000000000003,
          "R@20": 0.4661833333333334,
          "R@50": 0.56315,
          "R@100": 0.6319666666666667,
          "zero_R10_rate": 0.557,
          "n": 1000
        },
        "HNSW": {
          "R@1": 0.18259999999999998,
          "R@5": 0.3246666666666666,
          "R@10": 0.3826666666666667,
          "R@20": 0.4402833333333333,
          "R@50": 0.5261,
          "R@100": 0.5864833333333334,
          "zero_R10_rate": 0.584,
          "n": 1000
        }
      },
      "id": {
        "Flat": {
          "R@1": 0.004,
          "R@5": 0.007,
          "R@10": 0.01,
          "R@20": 0.014,
          "R@50": 0.02,
          "R@100": 0.027,
          "zero_R10_rate": 0.99,
          "n": 1000
        },
        "IVF": {
          "R@1": 0.004,
          "R@5": 0.007,
          "R@10": 0.01,
          "R@20": 0.012,
          "R@50": 0.018,
          "R@100": 0.024,
          "zero_R10_rate": 0.99,
          "n": 1000
        },
        "HNSW": {
          "R@1": 0.002,
          "R@5": 0.005,
          "R@10": 0.008,
          "R@20": 0.011,
          "R@50": 0.015,
          "R@100": 0.021,
          "zero_R10_rate": 0.992,
          "n": 1000
        }
      }
    },
    "msmarco_passage": {
      "standard": {
        "Flat": {
          "R@1": 0.30110306790761804,
          "R@5": 0.7499138228197173,
          "R@10": 0.8943467769734573,
          "R@20": 0.9469148569458808,
          "R@50": 0.9815580834195106,
          "R@100": 0.989831092726646,
          "zero_R10_rate": 0.09927611168562564,
          "n": 967
        },
        "IVF": {
          "R@1": 0.30110306790761804,
          "R@5": 0.7499138228197173,
          "R@10": 0.8943467769734573,
          "R@20": 0.9469148569458808,
          "R@50": 0.9815580834195106,
          "R@100": 0.989831092726646,
          "zero_R10_rate": 0.09927611168562564,
          "n": 967
        },
        "HNSW": {
          "R@1": 0.29903481558083417,
          "R@5": 0.7488796966563254,
          "R@10": 0.8912443984832815,
          "R@20": 0.943812478455705,
          "R@50": 0.9784557049293348,
          "R@100": 0.9867287142364702,
          "zero_R10_rate": 0.10237849017580145,
          "n": 967
        }
      },
      "rare": {
        "Flat": {
          "R@1": 0.07906666666666666,
          "R@5": 0.16836666666666666,
          "R@10": 0.22591666666666665,
          "R@20": 0.2799,
          "R@50": 0.3594833333333333,
          "R@100": 0.41275,
          "zero_R10_rate": 0.748,
          "n": 1000
        },
        "IVF": {
          "R@1": 0.07556666666666666,
          "R@5": 0.16136666666666669,
          "R@10": 0.21791666666666665,
          "R@20": 0.2715666666666666,
          "R@50": 0.34948333333333337,
          "R@100": 0.3999499999999999,
          "zero_R10_rate": 0.756,
          "n": 1000
        },
        "HNSW": {
          "R@1": 0.07306666666666667,
          "R@5": 0.16136666666666669,
          "R@10": 0.21891666666666665,
          "R@20": 0.2729,
          "R@50": 0.3515333333333333,
          "R@100": 0.3978333333333333,
          "zero_R10_rate": 0.755,
          "n": 1000
        }
      },
      "id": {
        "Flat": {
          "R@1": 0.0,
          "R@5": 0.001,
          "R@10": 0.001,
          "R@20": 0.001,
          "R@50": 0.004,
          "R@100": 0.007,
          "zero_R10_rate": 0.999,
          "n": 1000
        },
        "IVF": {
          "R@1": 0.0,
          "R@5": 0.001,
          "R@10": 0.001,
          "R@20": 0.001,
          "R@50": 0.002,
          "R@100": 0.005,
          "zero_R10_rate": 0.999,
          "n": 1000
        },
        "HNSW": {
          "R@1": 0.0,
          "R@5": 0.001,
          "R@10": 0.001,
          "R@20": 0.001,
          "R@50": 0.003,
          "R@100": 0.005,
          "zero_R10_rate": 0.999,
          "n": 1000
        }
      }
    }
  }
}